e561xo,exo
e562xo,exo
e563xo,exo
e564xo,exo
e565xo,exo
e566xo,exo
e567xo,exo
e568xo,exo
e569xo,exo
e570xo,exo
e571xo,exo
e572xo,exo
e573xo,exo
e574xo,exo
e575xo,exo
e576xo,exo
e577xo,exo
e578xo,exo
e579xo,exo
e580xo,exo
e581xo,exo
e582xo,exo
e583xo,exo
e584xo,exo
e585xo,exo
e586xo,exo
e587xo,exo
e588xo,exo
e589xo,exo
e590xo,exo
e591xo,exo
e592xo,exo
e593xo,exo
e594xo,exo
e595xo,exo
e596xo,exo
e597xo,exo
e598xo,exo
e599xo,exo
e600xo,exo
e601xo,exo
e602xo,exo
e603xo,exo
e604xo,exo
e605xo,exo
e606xo,exo
e607xo,exo
e608xo,exo
e609xo,exo
e610xo,exo
e611xo,exo
e612xo,exo
e613xo,exo
e614xo,exo
e615xo,exo
e616xo,exo
e617xo,exo
e618xo,exo
e619xo,exo
e620xo,exo
e621xo,exo
e622xo,exo
e623xo,exo
e624xo,exo
e625xo,exo
e626xo,exo
e627xo,exo
e628xo,exo
e629xo,exo
e630xo,exo
e631xo,exo
e632xo,exo
e633xo,exo
e634xo,exo
e635xo,exo
e636xo,exo
e637xo,exo
e638xo,exo
e639xo,exo
e640xo,exo
e641xo,exo
e642xo,exo
e643xo,exo
e644xo,exo
e645xo,exo
e646xo,exo
e647xo,exo
e648xo,exo
e649xo,exo
e650xo,exo
e651xo,exo
e652xo,exo
e653xo,exo
e654xo,exo
e655xo,exo
e656xo,exo
e657xo,exo
e658xo,exo
e659xo,exo
e660xo,exo
e661xo,exo
e662xo,exo
e663xo,exo
e664xo,exo
e665xo,exo
e666xo,exo
e667xo,exo
e668xo,exo
e669xo,exo
e670xo,exo
e671xo,exo
e672xo,exo
e673xo,exo
e674xo,exo
e675xo,exo
e676xo,exo
e677xo,exo
e678xo,exo
e679xo,exo
e680xo,exo
e681xo,exo
e682xo,exo
e683xo,exo
e684xo,exo
e685xo,exo
e686xo,exo
e687xo,exo
e688xo,exo
e689xo,exo
e690xo,exo
e691xo,exo
e692xo,exo
e693xo,exo
e694xo,exo
e695xo,exo
e696xo,exo
e697xo,exo
e698xo,exo
e699xo,exo
e700xo,exo
e701xo,exo
e702xo,exo
e703xo,exo
e704xo,exo
e705xo,exo
e706xo,exo
e707xo,exo
e708xo,exo
e709xo,exo
e710xo,exo
e711xo,exo
e712xo,exo
e713xo,exo
e714xo,exo
e715xo,exo
e716xo,exo
e717xo,exo
e718xo,exo
e719xo,exo
e720xo,exo
e721xo,exo
e722xo,exo
e723xo,exo
e724xo,exo
e725xo,exo
e726xo,exo
e727xo,exo
e728xo,exo
e729xo,exo
e730xo,exo
e731xo,exo
e732xo,exo
e733xo,exo
e734xo,exo
e735xo,exo
e736xo,exo
e737xo,exo
e738xo,exo
e739xo,exo
e740xo,exo
e741xo,exo
e742xo,exo
e743xo,exo
e744xo,exo
e745xo,exo
e746xo,exo
e747xo,exo
e748xo,exo
e749xo,exo
e750xo,exo
e751xo,exo
e752xo,exo
e753xo,exo
e754xo,exo
e755xo,exo
e756xo,exo
e757xo,exo
e758xo,exo
e759xo,exo
e760xo,exo
e761xo,exo
e762xo,exo
e763xo,exo
e764xo,exo
e765xo,exo
e766xo,exo
e767xo,exo
e768xo,exo
e769xo,exo
e770xo,exo
e771xo,exo
e772xo,exo
e773xo,exo
e774xo,exo
e775xo,exo
e776xo,exo
e777xo,exo
e778xo,exo
e779xo,exo
e780xo,exo
e781xo,exo
e782xo,exo
e783xo,exo
e784xo,exo
e785xo,exo
e786xo,exo
e787xo,exo
e788xo,exo
e789xo,exo
e790xo,exo
e791xo,exo
e792xo,exo
e793xo,exo
e794xo,exo
e795xo,exo
e796xo,exo
e797xo,exo
e798xo,exo
e799xo,exo
e800xo,exo
e801xo,exo
e802xo,exo
e803xo,exo
e804xo,exo
e805xo,exo
e806xo,exo
e807xo,exo
e808xo,exo
e809xo,exo
e810xo,exo
e811xo,exo
e812xo,exo
e813xo,exo
e814xo,exo
e815xo,exo
e816xo,exo
e817xo,exo
e818xo,exo
e819xo,exo
e820xo,exo
e821xo,exo
e822xo,exo
e823xo,exo
e824xo,exo
e825xo,exo
e826xo,exo
e827xo,exo
e828xo,exo
e829xo,exo
e830xo,exo
e831xo,exo
e832xo,exo
e833xo,exo
e834xo,exo
e835xo,exo
e836xo,exo
e837xo,exo
e838xo,exo
e839xo,exo
e840xo,exo
e841xo,exo
e842xo,exo
e843xo,exo
e844xo,exo
e845xo,exo
e846xo,exo
e847xo,exo
e848xo,exo
e849xo,exo
e850xo,exo
e851xo,exo
e852xo,exo
e853xo,exo
e854xo,exo
e855xo,exo
e856xo,exo
e857xo,exo
e858xo,exo
e859xo,exo
e860xo,exo
e861xo,exo
e862xo,exo
e863xo,exo
e864xo,exo
e865xo,exo
e866xo,exo
e867xo,exo
e868xo,exo
e869xo,exo
e870xo,exo
e871xo,exo
e872xo,exo
e873xo,exo
e874xo,exo
e875xo,exo
e876xo,exo
e877xo,exo
e878xo,exo
e879xo,exo
e880xo,exo
e881xo,exo
e882xo,exo
e883xo,exo
e884xo,exo
e885xo,exo
e886xo,exo
e887xo,exo
e888xo,exo
e889xo,exo
e890xo,exo
e891xo,exo
e892xo,exo
e893xo,exo
e894xo,exo
e895xo,exo
e896xo,exo
e897xo,exo
e898xo,exo
e899xo,exo
e900xo,exo
e901xo,exo
e902xo,exo
e903xo,exo
e904xo,exo
e905xo,exo
e906xo,exo
e907xo,exo
e908xo,exo
e909xo,exo
e910xo,exo
e911xo,exo
e912xo,exo
e913xo,exo
e914xo,exo
e915xo,exo
e916xo,exo
e917xo,exo
e918xo,exo
e919xo,exo
e920xo,exo
e921xo,exo
e922xo,exo
e923xo,exo
e924xo,exo
e925xo,exo
e926xo,exo
e927xo,exo
e928xo,exo
e929xo,exo
e930xo,exo
e931xo,exo
e932xo,exo
e933xo,exo
e934xo,exo
e935xo,exo
e936xo,exo
e937xo,exo
e938xo,exo
e939xo,exo
e940xo,exo
e941xo,exo
e942xo,exo
e943xo,exo
e944xo,exo
e945xo,exo
e946xo,exo
e947xo,exo
e948xo,exo
e949xo,exo
e950xo,exo
e951xo,exo
e952xo,exo
e953xo,exo
e954xo,exo
e955xo,exo
e956xo,exo
e957xo,exo
e958xo,exo
e959xo,exo
e960xo,exo
e961xo,exo
e962xo,exo
e963xo,exo
e964xo,exo
e965xo,exo
e966xo,exo
e967xo,exo
e968xo,exo
e969xo,exo
e970xo,exo
e971xo,exo
e972xo,exo
e973xo,exo
e974xo,exo
e975xo,exo
e976xo,exo
e977xo,exo
e978xo,exo
e979xo,exo
e980xo,exo
e981xo,exo
e982xo,exo
e983xo,exo
e984xo,exo
e985xo,exo
e986xo,exo
e987xo,exo
e988xo,exo
e989xo,exo
e990xo,exo
e991xo,exo
e992xo,exo
e993xo,exo
e994xo,exo
e995xo,exo
e996xo,exo
e997xo,exo
e998xo,exo
e999xo,exo
e1000xo,exo
e1001xo,exo
e1002xo,exo
e1003xo,exo
e1004xo,exo
e1005xo,exo
e1006xo,exo
e1007xo,exo
e1008xo,exo
e1009xo,exo
e1010xo,exo
e1011xo,exo
e1012xo,exo
e1013xo,exo
e1014xo,exo
e1015xo,exo
e1016xo,exo
e1017xo,exo
e1018xo,exo
e1019xo,exo
e1020xo,exo
e1021xo,exo
e1022xo,exo
e1023xo,exo
e1024xo,exo
e1025xo,exo
e1026xo,exo
e1027xo,exo
e1028xo,exo
e1029xo,exo
e1030xo,exo
e1031xo,exo
e1032xo,exo
e1033xo,exo
e1034xo,exo
e1035xo,exo
e1036xo,exo
e1037xo,exo
e1038xo,exo
e1039xo,exo
e1040xo,exo
e1041xo,exo
e1042xo,exo
e1043xo,exo
e1044xo,exo
e1045xo,exo
e1046xo,exo
e1047xo,exo
e1048xo,exo
e1049xo,exo
e1050xo,exo
e1051xo,exo
e1052xo,exo
e1053xo,exo
e1054xo,exo
e1055xo,exo
e1056xo,exo
e1057xo,exo
e1058xo,exo
e1059xo,exo
e1060xo,exo
e1061xo,exo
e1062xo,exo
e1063xo,exo
e1064xo,exo
e1065xo,exo
e1066xo,exo
e1067xo,exo
e1068xo,exo
e1069xo,exo
e1070xo,exo
e1071xo,exo
e1072xo,exo
e1073xo,exo
e1074xo,exo
e1075xo,exo
e1076xo,exo
e1077xo,exo
e1078xo,exo
e1079xo,exo
e1080xo,exo
e1081xo,exo
e1082xo,exo
e1083xo,exo
e1084xo,exo
e1085xo,exo
e1086xo,exo
e1087xo,exo
e1088xo,exo
e1089xo,exo
e1090xo,exo
e1091xo,exo
e1092xo,exo
e1093xo,exo
e1094xo,exo
e1095xo,exo
e1096xo,exo
e1097xo,exo
e1098xo,exo
e1099xo,exo
e1100xo,exo
e1101xo,exo
e1102xo,exo
e1103xo,exo
e1104xo,exo
e1105xo,exo
e1106xo,exo
e1107xo,exo
e1108xo,exo
e1109xo,exo
e1110xo,exo
e1111xo,exo
e1112xo,exo
e1113xo,exo
e1114xo,exo
e1115xo,exo
e1116xo,exo
e1117xo,exo
e1118xo,exo
e1119xo,exo
e1120xo,exo
e1121xo,exo
e1122xo,exo
e1123xo,exo
e1124xo,exo
e1125xo,exo
e1126xo,exo
e1127xo,exo
e1128xo,exo
e1129xo,exo
e1130xo,exo
e1131xo,exo
e1132xo,exo
e1133xo,exo
e1134xo,exo
e1135xo,exo
e1136xo,exo
e1137xo,exo
e1138xo,exo
e1139xo,exo
e1140xo,exo
e1141xo,exo
e1142xo,exo
e1143xo,exo
e1144xo,exo
e1145xo,exo
e1146xo,exo
e1147xo,exo
e1148xo,exo
e1149xo,exo
e1150xo,exo
e1151xo,exo
e1152xo,exo
e1153xo,exo
e1154xo,exo
e1155xo,exo
e1156xo,exo
e1157xo,exo
e1158xo,exo
e1159xo,exo
e1160xo,exo
e1161xo,exo
e1162xo,exo
e1163xo,exo
e1164xo,exo
e1165xo,exo
e1166xo,exo
e1167xo,exo
e1168xo,exo
e1169xo,exo
e1170xo,exo
e1171xo,exo
e1172xo,exo
e1173xo,exo
e1174xo,exo
e1175xo,exo
e1176xo,exo
e1177xo,exo
e1178xo,exo
e1179xo,exo
e1180xo,exo
e1181xo,exo
e1182xo,exo
e1183xo,exo
e1184xo,exo
e1185xo,exo
e1186xo,exo
e1187xo,exo
e1188xo,exo
e1189xo,exo
e1190xo,exo
e1191xo,exo
e1192xo,exo
e1193xo,exo
e1194xo,exo
e1195xo,exo
e1196xo,exo
e1197xo,exo
e1198xo,exo
e1199xo,exo
e1200xo,exo
e1201xo,exo
e1202xo,exo
e1203xo,exo
e1204xo,exo
e1205xo,exo
e1206xo,exo
e1207xo,exo
e1208xo,exo
e1209xo,exo
e1210xo,exo
e1211xo,exo
e1212xo,exo
e1213xo,exo
e1214xo,exo
e1215xo,exo
e1216xo,exo
e1217xo,exo
e1218xo,exo
e1219xo,exo
e1220xo,exo
e1221xo,exo
e1222xo,exo
e1223xo,exo
e1224xo,exo
e1225xo,exo
e1226xo,exo
e1227xo,exo
e1228xo,exo
e1229xo,exo
e1230xo,exo
e1231xo,exo
e1232xo,exo
e1233xo,exo
e1234xo,exo
e1235xo,exo
e1236xo,exo
e1237xo,exo
e1238xo,exo
e1239xo,exo
e1240xo,exo
e1241xo,exo
e1242xo,exo
e1243xo,exo
e1244xo,exo
e1245xo,exo
e1246xo,exo
e1247xo,exo
e1248xo,exo
e1249xo,exo
e1250xo,exo
e1251xo,exo
e1252xo,exo
e1253xo,exo
e1254xo,exo
e1255xo,exo
e1256xo,exo
e1257xo,exo
e1258xo,exo
e1259xo,exo
e1260xo,exo
e1261xo,exo
e1262xo,exo
e1263xo,exo
e1264xo,exo
e1265xo,exo
e1266xo,exo
e1267xo,exo
e1268xo,exo
e1269xo,exo
e1270xo,exo
e1271xo,exo
e1272xo,exo
e1273xo,exo
e1274xo,exo
e1275xo,exo
e1276xo,exo
e1277xo,exo
e1278xo,exo
e1279xo,exo
e1280xo,exo
e1281xo,exo
e1282xo,exo
e1283xo,exo
e1284xo,exo
e1285xo,exo
e1286xo,exo
e1287xo,exo
e1288xo,exo
e1289xo,exo
e1290xo,exo
e1291xo,exo
e1292xo,exo
e1293xo,exo
e1294xo,exo
e1295xo,exo
e1296xo,exo
e1297xo,exo
e1298xo,exo
e1299xo,exo
e1300xo,exo
e1301xo,exo
e1302xo,exo
e1303xo,exo
e1304xo,exo
e1305xo,exo
e1306xo,exo
e1307xo,exo
e1308xo,exo
e1309xo,exo
e1310xo,exo
e1311xo,exo
e1312xo,exo
e1313xo,exo
e1314xo,exo
e1315xo,exo
e1316xo,exo
e1317xo,exo
e1318xo,exo
e1319xo,exo
e1320xo,exo
e1321xo,exo
e1322xo,exo
e1323xo,exo
e1324xo,exo
e1325xo,exo
e1326xo,exo
e1327xo,exo
e1328xo,exo
e1329xo,exo
e1330xo,exo
e1331xo,exo
e1332xo,exo
e1333xo,exo
e1334xo,exo
e1335xo,exo
e1336xo,exo
e1337xo,exo
e1338xo,exo
e1339xo,exo
e1340xo,exo
e1341xo,exo
e1342xo,exo
e1343xo,exo
e1344xo,exo
e1345xo,exo
e1346xo,exo
e1347xo,exo
e1348xo,exo
e1349xo,exo
e1350xo,exo
e1351xo,exo
e1352xo,exo
e1353xo,exo
e1354xo,exo
e1355xo,exo
e1356xo,exo
e1357xo,exo
e1358xo,exo
e1359xo,exo
e1360xo,exo
e1361xo,exo
e1362xo,exo
e1363xo,exo
e1364xo,exo
e1365xo,exo
e1366xo,exo
e1367xo,exo
e1368xo,exo
e1369xo,exo
e1370xo,exo
e1371xo,exo
e1372xo,exo
e1373xo,exo
e1374xo,exo
e1375xo,exo
e1376xo,exo
e1377xo,exo
e1378xo,exo
e1379xo,exo
e1380xo,exo
e1381xo,exo
e1382xo,exo
e1383xo,exo
e1384xo,exo
e1385xo,exo
e1386xo,exo
e1387xo,exo
e1388xo,exo
e1389xo,exo
e1390xo,exo
e1391xo,exo
e1392xo,exo
e1393xo,exo
e1394xo,exo
e1395xo,exo
e1396xo,exo
e1397xo,exo
e1398xo,exo
e1399xo,exo
e1400xo,exo
e1401xo,exo
e1402xo,exo
e1403xo,exo
e1404xo,exo
e1405xo,exo
e1406xo,exo
e1407xo,exo
e1408xo,exo
e1409xo,exo
e1410xo,exo
e1411xo,exo
e1412xo,exo
e1413xo,exo
e1414xo,exo
e1415xo,exo
e1416xo,exo
e1417xo,exo
e1418xo,exo
e1419xo,exo
e1420xo,exo
e1421xo,exo
e1422xo,exo
e1423xo,exo
e1424xo,exo
e1425xo,exo
e1426xo,exo
e1427xo,exo
e1428xo,exo
e1429xo,exo
e1430xo,exo
e1431xo,exo
e1432xo,exo
e1433xo,exo
e1434xo,exo
e1435xo,exo
e1436xo,exo
e1437xo,exo
e1438xo,exo
e1439xo,exo
e1440xo,exo
e1441xo,exo
e1442xo,exo
e1443xo,exo
e1444xo,exo
e1445xo,exo
e1446xo,exo
e1447xo,exo
e1448xo,exo
e1449xo,exo
e1450xo,exo
e1451xo,exo
e1452xo,exo
e1453xo,exo
e1454xo,exo
e1455xo,exo
e1456xo,exo
e1457xo,exo
e1458xo,exo
e1459xo,exo
e1460xo,exo
e1461xo,exo
e1462xo,exo
e1463xo,exo
e1464xo,exo
e1465xo,exo
e1466xo,exo
e1467xo,exo
e1468xo,exo
e1469xo,exo
e1470xo,exo
e1471xo,exo
e1472xo,exo
e1473xo,exo
e1474xo,exo
e1475xo,exo
e1476xo,exo
e1477xo,exo
e1478xo,exo
e1479xo,exo
e1480xo,exo
e1481xo,exo
e1482xo,exo
e1483xo,exo
e1484xo,exo
e1485xo,exo
e1486xo,exo
e1487xo,exo
e1488xo,exo
e1489xo,exo
e1490xo,exo
e1491xo,exo
e1492xo,exo
e1493xo,exo
e1494xo,exo
e1495xo,exo
e1496xo,exo
e1497xo,exo
e1498xo,exo
e1499xo,exo
e1500xo,exo
e1501xo,exo
e1502xo,exo
e1503xo,exo
e1504xo,exo
e1505xo,exo
e1506xo,exo
e1507xo,exo
e1508xo,exo
e1509xo,exo
e1510xo,exo
e1511xo,exo
e1512xo,exo
e1513xo,exo
e1514xo,exo
e1515xo,exo
e1516xo,exo
e1517xo,exo
e1518xo,exo
e1519xo,exo
e1520xo,exo
e1521xo,exo
e1522xo,exo
e1523xo,exo
e1524xo,exo
e1525xo,exo
e1526xo,exo
e1527xo,exo
e1528xo,exo
e1529xo,exo
e1530xo,exo
e1531xo,exo
e1532xo,exo
e1533xo,exo
e1534xo,exo
e1535xo,exo
e1536xo,exo
e1537xo,exo
e1538xo,exo
e1539xo,exo
e1540xo,exo
e1541xo,exo
e1542xo,exo
e1543xo,exo
e1544xo,exo
e1545xo,exo
e1546xo,exo
e1547xo,exo
e1548xo,exo
e1549xo,exo
e1550xo,exo
e1551xo,exo
e1552xo,exo
e1553xo,exo
e1554xo,exo
e1555xo,exo
e1556xo,exo
e1557xo,exo
e1558xo,exo
e1559xo,exo
e1560xo,exo
e1561xo,exo
e1562xo,exo
e1563xo,exo
e1564xo,exo
e1565xo,exo
e1566xo,exo
e1567xo,exo
e1568xo,exo
e1569xo,exo
e1570xo,exo
e1571xo,exo
e1572xo,exo
e1573xo,exo
e1574xo,exo
e1575xo,exo
e1576xo,exo
e1577xo,exo
e1578xo,exo
e1579xo,exo
e1580xo,exo
e1581xo,exo
e1582xo,exo
e1583xo,exo
e1584xo,exo
e1585xo,exo
e1586xo,exo
e1587xo,exo
e1588xo,exo
e1589xo,exo
e1590xo,exo
e1591xo,exo
e1592xo,exo
e1593xo,exo
e1594xo,exo
e1595xo,exo
e1596xo,exo
e1597xo,exo
e1598xo,exo
e1599xo,exo
e1600xo,exo
e1601xo,exo
e1602xo,exo
e1603xo,exo
e1604xo,exo
e1605xo,exo
e1606xo,exo
e1607xo,exo
e1608xo,exo
e1609xo,exo
e1610xo,exo
e1611xo,exo
e1612xo,exo
e1613xo,exo
e1614xo,exo
e1615xo,exo
e1616xo,exo
e1617xo,exo
e1618xo,exo
e1619xo,exo
e1620xo,exo
e1621xo,exo
e1622xo,exo
e1623xo,exo
e1624xo,exo
e1625xo,exo
e1626xo,exo
e1627xo,exo
e1628xo,exo
e1629xo,exo
e1630xo,exo
e1631xo,exo
e1632xo,exo
e1633xo,exo
e1634xo,exo
e1635xo,exo
e1636xo,exo
e1637xo,exo
e1638xo,exo
e1639xo,exo
e1640xo,exo
e1641xo,exo
e1642xo,exo
e1643xo,exo
e1644xo,exo
e1645xo,exo
e1646xo,exo
e1647xo,exo
e1648xo,exo
e1649xo,exo
e1650xo,exo
e1651xo,exo
e1652xo,exo
e1653xo,exo
e1654xo,exo
e1655xo,exo
e1656xo,exo
e1657xo,exo
e1658xo,exo
e1659xo,exo
e1660xo,exo
e1661xo,exo
e1662xo,exo
e1663xo,exo
e1664xo,exo
e1665xo,exo
e1666xo,exo
e1667xo,exo
e1668xo,exo
e1669xo,exo
e1670xo,exo
e1671xo,exo
e1672xo,exo
e1673xo,exo
e1674xo,exo
e1675xo,exo
e1676xo,exo
e1677xo,exo
e1678xo,exo
e1679xo,exo
e1680xo,exo
e1681xo,exo
e1682xo,exo
e1683xo,exo
e1684xo,exo
e1685xo,exo
e1686xo,exo
e1687xo,exo
e1688xo,exo
e1689xo,exo
e1690xo,exo
e1691xo,exo
e1692xo,exo
e1693xo,exo
e1694xo,exo
e1695xo,exo
e1696xo,exo
e1697xo,exo
e1698xo,exo
e1699xo,exo
e1700xo,exo
e1701xo,exo
e1702xo,exo
e1703xo,exo
e1704xo,exo
e1705xo,exo
e1706xo,exo
e1707xo,exo
e1708xo,exo
e1709xo,exo
e1710xo,exo
e1711xo,exo
e1712xo,exo
e1713xo,exo
e1714xo,exo
e1715xo,exo
e1716xo,exo
e1717xo,exo
e1718xo,exo
e1719xo,exo
e1720xo,exo
e1721xo,exo
e1722xo,exo
e1723xo,exo
e1724xo,exo
e1725xo,exo
e1726xo,exo
e1727xo,exo
e1728xo,exo
e1729xo,exo
e1730xo,exo
e1731xo,exo
e1732xo,exo
e1733xo,exo
e1734xo,exo
e1735xo,exo
e1736xo,exo
e1737xo,exo
e1738xo,exo
e1739xo,exo
e1740xo,exo
e1741xo,exo
e1742xo,exo
e1743xo,exo
e1744xo,exo
e1745xo,exo
e1746xo,exo
e1747xo,exo
e1748xo,exo
e1749xo,exo
e1750xo,exo
e1751xo,exo
e1752xo,exo
e1753xo,exo
e1754xo,exo
e1755xo,exo
e1756xo,exo
e1757xo,exo
e1758xo,exo
e1759xo,exo
e1760xo,exo
e1761xo,exo
e1762xo,exo
e1763xo,exo
e1764xo,exo
e1765xo,exo
e1766xo,exo
e1767xo,exo
e1768xo,exo
e1769xo,exo
e1770xo,exo
e1771xo,exo
e1772xo,exo
e1773xo,exo
e1774xo,exo
e1775xo,exo
e1776xo,exo
e1777xo,exo
e1778xo,exo
e1779xo,exo
e1780xo,exo
e1781xo,exo
e1782xo,exo
e1783xo,exo
e1784xo,exo
e1785xo,exo
e1786xo,exo
e1787xo,exo
e1788xo,exo
e1789xo,exo
e1790xo,exo
e1791xo,exo
e1792xo,exo
e1793xo,exo
e1794xo,exo
e1795xo,exo
e1796xo,exo
e1797xo,exo
e1798xo,exo
e1799xo,exo
e1800xo,exo
e1801xo,exo
e1802xo,exo
e1803xo,exo
e1804xo,exo
e1805xo,exo
e1806xo,exo
e1807xo,exo
e1808xo,exo
e1809xo,exo
e1810xo,exo
e1811xo,exo
e1812xo,exo
e1813xo,exo
e1814xo,exo
e1815xo,exo
e1816xo,exo
e1817xo,exo
e1818xo,exo
e1819xo,exo
e1820xo,exo
e1821xo,exo
e1822xo,exo
e1823xo,exo
e1824xo,exo
e1825xo,exo
e1826xo,exo
e1827xo,exo
e1828xo,exo
e1829xo,exo
e1830xo,exo
e1831xo,exo
e1832xo,exo
e1833xo,exo
e1834xo,exo
e1835xo,exo
e1836xo,exo
e1837xo,exo
e1838xo,exo
e1839xo,exo
e1840xo,exo
e1841xo,exo
e1842xo,exo
e1843xo,exo
e1844xo,exo
e1845xo,exo
e1846xo,exo
e1847xo,exo
e1848xo,exo
e1849xo,exo
e1850xo,exo
e1851xo,exo
e1852xo,exo
e1853xo,exo
e1854xo,exo
e1855xo,exo
e1856xo,exo
e1857xo,exo
e1858xo,exo
e1859xo,exo
e1860xo,exo
e1861xo,exo
e1862xo,exo
e1863xo,exo
e1864xo,exo
e1865xo,exo
e1866xo,exo
e1867xo,exo
e1868xo,exo
e1869xo,exo
e1870xo,exo
e1871xo,exo
e1872xo,exo
e1873xo,exo
e1874xo,exo
e1875xo,exo
e1876xo,exo
e1877xo,exo
e1878xo,exo
e1879xo,exo
e1880xo,exo
e1881xo,exo
e1882xo,exo
e1883xo,exo
e1884xo,exo
e1885xo,exo
e1886xo,exo
e1887xo,exo
e1888xo,exo
e1889xo,exo
e1890xo,exo
e1891xo,exo
e1892xo,exo
e1893xo,exo
e1894xo,exo
e1895xo,exo
e1896xo,exo
e1897xo,exo
e1898xo,exo
e1899xo,exo
e1900xo,exo
e1901xo,exo
e1902xo,exo
e1903xo,exo
e1904xo,exo
e1905xo,exo
e1906xo,exo
e1907xo,exo
e1908xo,exo
e1909xo,exo
e1910xo,exo
e1911xo,exo
e1912xo,exo
e1913xo,exo
e1914xo,exo
e1915xo,exo
e1916xo,exo
e1917xo,exo
e1918xo,exo
e1919xo,exo
e1920xo,exo
e1921xo,exo
e1922xo,exo
e1923xo,exo
e1924xo,exo
e1925xo,exo
e1926xo,exo
e1927xo,exo
e1928xo,exo
e1929xo,exo
e1930xo,exo
e1931xo,exo
e1932xo,exo
e1933xo,exo
e1934xo,exo
e1935xo,exo
e1936xo,exo
e1937xo,exo
e1938xo,exo
e1939xo,exo
e1940xo,exo
e1941xo,exo
e1942xo,exo
e1943xo,exo
e1944xo,exo
e1945xo,exo
e1946xo,exo
e1947xo,exo
e1948xo,exo
e1949xo,exo
e1950xo,exo
e1951xo,exo
e1952xo,exo
e1953xo,exo
e1954xo,exo
e1955xo,exo
e1956xo,exo
e1957xo,exo
e1958xo,exo
e1959xo,exo
e1960xo,exo
e1961xo,exo
e1962xo,exo
e1963xo,exo
e1964xo,exo
e1965xo,exo
e1966xo,exo
e1967xo,exo
e1968xo,exo
e1969xo,exo
e1970xo,exo
e1971xo,exo
e1972xo,exo
e1973xo,exo
e1974xo,exo
e1975xo,exo
e1976xo,exo
e1977xo,exo
e1978xo,exo
e1979xo,exo
e1980xo,exo
e1981xo,exo
e1982xo,exo
e1983xo,exo
e1984xo,exo
e1985xo,exo
e1986xo,exo
e1987xo,exo
e1988xo,exo
e1989xo,exo
e1990xo,exo
e1991xo,exo
e1992xo,exo
e1993xo,exo
e1994xo,exo
e1995xo,exo
e1996xo,exo
e1997xo,exo
e1998xo,exo
e1999xo,exo
